<?xml version="1.0" encoding="UTF-8" standalone="no"?>
<catalog prefer="public" xmlns="urn:oasis:names:tc:entity:xmlns:xml:catalog">
    <group id="Folder Repository, directory=, recursive=true, Auto-Update=true, version=2" prefer="public" xml:base="">
        <uri id="Automatically generated entry, Timestamp=1530114188931" name="duplicate:http://www.semanticweb.org/emaroLab/YushaKareem/PlacingOntology" uri="PlacingOntology.owl"/>
        <uri id="Automatically generated entry, Timestamp=1530114188931" name="duplicate:http://www.semanticweb.org/emaroLab/YushaKareem/PlacingOntology" uri="PrototypeOntology.owl"/>
        <uri id="Automatically generated entry, Timestamp=1530114188931" name="duplicate:http://www.semanticweb.org/emaroLab/YushaKareem/PlacingOntology" uri="TaskOntology2.owl"/>
        <uri id="Automatically generated entry, Timestamp=1530114188931" name="duplicate:http://www.semanticweb.org/emaroLab/YushaKareem/PlacingOntology" uri="TaskOntology3.owl"/>
        <uri id="Automatically generated entry, Timestamp=1530114188931" name="duplicate:http://www.semanticweb.org/emaroLab/YushaKareem/PlacingOntology" uri="TaskOntology1.owl"/>
        <uri id="Automatically generated entry, Timestamp=1530114188931" name="duplicate:http://www.semanticweb.org/emaroLab/YushaKareem/PlacingOntology" uri="TaskOntology4.owl"/>
        <uri id="Automatically generated entry, Timestamp=1530114188931" name="duplicate:http://www.semanticweb.org/emaroLab/YushaKareem/PlacingOntology" uri="TaskOntology5.owl"/>
    </group>
</catalog>
