<?xml version="1.0" encoding="UTF-8" standalone="no"?>
<catalog prefer="public" xmlns="urn:oasis:names:tc:entity:xmlns:xml:catalog">
    <group id="Folder Repository, directory=, recursive=true, Auto-Update=true, version=2" prefer="public" xml:base="">
        <uri id="Automatically generated entry, Timestamp=1502536687779" name="http://www.semanticweb.org/emaroLab/YushaKareem/PlacingOntology" uri="PlacingOntology.owl"/>
        <uri id="Automatically generated entry, Timestamp=1502536687779" name="http://www.semanticweb.org/emaroLab/YushaKareem/TO1" uri="TO1.owl"/>
        <uri id="Automatically generated entry, Timestamp=1502536687779" name="http://www.semanticweb.org/emaroLab/YushaKareem/TO_A_1" uri="TO_A_1.owl"/>
        <uri id="Automatically generated entry, Timestamp=1502536687779" name="http://www.semanticweb.org/emaroLab/YushaKareem/TaskOntology_isStillIn" uri="TaskOntology_isStillIn.owl"/>
        <uri id="Automatically generated entry, Timestamp=1502536687779" name="duplicate:http://www.w3.org/2006/time" uri="time.owl"/>
        <uri id="Automatically generated entry, Timestamp=1502536687779" name="duplicate:http://www.w3.org/2006/time" uri="time_test.owl"/>
        <uri id="Automatically generated entry, Timestamp=1502536687779" name="shadowed:http://www.semanticweb.org/emaroLab/YushaKareem/TO_A_1" uri="TO_A_1_withAllIndividuals/TO_A_1.owl"/>
    </group>
</catalog>
